item-name,special-price,old-price,item-url
Maroon Men Kurta with Weaving Cotton,£43.00,£61.00,https://www.shopkund.co.uk/maroon-men-kurta-with-weaving-cotton-kurr502.html
Grey Cotton Weaving Men Kurta,£43.00,£61.00,https://www.shopkund.co.uk/grey-cotton-weaving-men-kurta-kurr501.html
Cotton Men Kurta with Weaving in Black,£43.00,£61.00,https://www.shopkund.co.uk/cotton-men-kurta-with-weaving-in-black-kurr500.html
Yellow Men Kurta with Digital print Linen,£47.00,£66.00,https://www.shopkund.co.uk/yellow-men-kurta-with-digital-print-linen-kurr489.html
Digital print Linen Mustard Men Kurta,£47.00,£66.00,https://www.shopkund.co.uk/digital-print-linen-mustard-men-kurta-kurr488.html
Linen Men Kurta in Wine with Digital print,£47.00,£66.00,https://www.shopkund.co.uk/linen-men-kurta-in-wine-with-digital-print-kurr487.html
Linen Digital print Aqua green Men Kurta,£47.00,£66.00,https://www.shopkund.co.uk/linen-digital-print-aqua-green-men-kurta-kurr486.html
Violet Digital print Men Kurta in Linen,£47.00,£66.00,https://www.shopkund.co.uk/violet-digital-print-men-kurta-in-linen-kurr485.html
Digital print Linen Men Kurta in Purple,£47.00,£66.00,https://www.shopkund.co.uk/digital-print-linen-men-kurta-in-purple-kurr484.html
Pink Men Kurta with Digital print Linen,£47.00,£66.00,https://www.shopkund.co.uk/pink-men-kurta-with-digital-print-linen-kurr483.html
Lavender Men Kurta in Linen with Digital print,£47.00,£66.00,https://www.shopkund.co.uk/lavender-men-kurta-in-linen-with-digital-print-kurr480.html
Light green Men Kurta in Digital print Linen,£47.00,£66.00,https://www.shopkund.co.uk/light-green-men-kurta-in-digital-print-linen-kurr479.html
Green Digital print Men Kurta in Linen,£47.00,£66.00,https://www.shopkund.co.uk/green-digital-print-men-kurta-in-linen-kurr478.html
Denim blue Linen Digital print Men Kurta,£47.00,£66.00,https://www.shopkund.co.uk/denim-blue-linen-digital-print-men-kurta-kurr477.html
Men Kurta in Forest green Linen with Digital print,£47.00,£66.00,https://www.shopkund.co.uk/men-kurta-in-forest-green-linen-with-digital-print-kurr475.html
Aqua blue Men Kurta in Linen with Digital print,£47.00,£66.00,https://www.shopkund.co.uk/aqua-blue-men-kurta-in-linen-with-digital-print-kurr474.html
Digital print Linen Blue Men Kurta,£47.00,£66.00,https://www.shopkund.co.uk/digital-print-linen-blue-men-kurta-kurr473.html
Pista Men Kurta with Digital print Linen,£47.00,£66.00,https://www.shopkund.co.uk/pista-men-kurta-with-digital-print-linen-kurr472.html
Linen Men Kurta with Digital print,£47.00,£66.00,https://www.shopkund.co.uk/linen-men-kurta-with-digital-print-kurr471.html
Grey Men Kurta with Embroidered Jacquard,£51.00,£71.00,https://www.shopkund.co.uk/grey-men-kurta-with-embroidered-jacquard-kurr470.html
Mustard Men Kurta in Jacquard with Digital print,£42.00,£58.00,https://www.shopkund.co.uk/mustard-men-kurta-in-jacquard-with-digital-print-kurr457.html
Jacquard Green Men Kurta in Digital print,£42.00,£58.00,https://www.shopkund.co.uk/jacquard-green-men-kurta-in-digital-print-kurr456.html
Blue Men Kurta in Digital print Jacquard,£42.00,£58.00,https://www.shopkund.co.uk/blue-men-kurta-in-digital-print-jacquard-kurr455.html
Jacquard Digital print Pink Men Kurta,£42.00,£58.00,https://www.shopkund.co.uk/jacquard-digital-print-pink-men-kurta.html
Rama Jacquard Digital print Men Kurta,£42.00,£58.00,https://www.shopkund.co.uk/rama-jacquard-digital-print-men-kurta-kurr453.html
Jacquard Digital print Red Men Kurta,£42.00,£58.00,https://www.shopkund.co.uk/jacquard-digital-print-red-men-kurta-kurr452.html
Light purple Digital print Jacquard Men Kurta,£42.00,£58.00,https://www.shopkund.co.uk/light-purple-digital-print-jacquard-men-kurta-kurr451.html
Viscose Men Kurta in Brown with Embroidered,£51.00,£72.00,https://www.shopkund.co.uk/viscose-men-kurta-in-brown-with-embroidered-kurr450.html
Viscose Grey Men Kurta in Embroidered,£51.00,£72.00,https://www.shopkund.co.uk/viscose-grey-men-kurta-in-embroidered-kurr449.html
Viscose Men Kurta in Dusty purple with Embroidered,£51.00,£72.00,https://www.shopkund.co.uk/viscose-men-kurta-in-dusty-purple-with-embroidered-kurr448.html
Embroidered Viscose Men Kurta in Maroon with Dupatta,£51.00,£72.00,https://www.shopkund.co.uk/embroidered-viscose-men-kurta-in-maroon-with-dupatta-kurr447.html
Viscose Men Kurta in Nevy blue with Embroidered,£51.00,£72.00,https://www.shopkund.co.uk/viscose-men-kurta-in-nevy-blue-with-embroidered-kurr446.html
Black Men Kurta in Embroidered Viscose,£51.00,£72.00,https://www.shopkund.co.uk/black-men-kurta-in-embroidered-viscose-kurr445.html
Ivery Men Kurta in Embroidered Viscose,£50.00,£70.00,https://www.shopkund.co.uk/ivery-men-kurta-in-embroidered-viscose-kurr444.html
Viscose Men Kurta in Black with Embroidered,£50.00,£70.00,https://www.shopkund.co.uk/viscose-men-kurta-in-black-with-embroidered-kurr443.html
Ivery Viscose Embroidered Men Kurta with Dupatta,£50.00,£70.00,https://www.shopkund.co.uk/ivery-viscose-embroidered-men-kurta-with-dupatta-kurr442.html
Men Kurta in Black Viscose with Embroidered,£50.00,£70.00,https://www.shopkund.co.uk/men-kurta-in-black-viscose-with-embroidered-kurr441.html
Blue Men Kurta in Jacquard with Embroidered,£49.00,£69.00,https://www.shopkund.co.uk/blue-men-kurta-in-jacquard-with-embroidered-kurr352.html
Embroidered Men Kurta in Navy blue Jacquard,£49.00,£69.00,https://www.shopkund.co.uk/embroidered-men-kurta-in-navy-blue-jacquard-kurr348.html
Golden Dupion Men Kurta with Jacket,£61.00,£85.00,https://www.shopkund.co.uk/dupion-dupion-men-kurta-with-kurr271.html
Black Indo Western Kurta with Thread Art silk,£102.00,£143.00,https://www.shopkund.co.uk/thread-indo-western-kurta-in-black-art-silk-kurr303.html
Art silk Green Indo Western Kurta with Jacket,£125.00,£175.00,https://www.shopkund.co.uk/green-art-silk-indo-western-kurta-with-jacket-kurr300.html
Brown Indo Western Kurta in Art silk with,£154.00,£215.00,https://www.shopkund.co.uk/artsilk-brown-indo-western-kurta-in-kurr299.html
Pink Velvet Indo Western Kurta,£167.00,£234.00,https://www.shopkund.co.uk/velvet-pink-indo-western-kurta-in-kurr298.html
Mauve Indo Western Kurta in Art silk,£154.00,£215.00,https://www.shopkund.co.uk/art-silk-indo-western-kurta-with-in-mauve-kurr297.html
Printed Men Kurta in Dark pink Cotton,£50.00,£70.00,https://www.shopkund.co.uk/printed-men-kurta-in-dark-pink-cotton-kurr17.html
Green Cotton Printed Men Kurta with Dupatta,£50.00,£70.00,https://www.shopkund.co.uk/green-cotton-printed-men-kurta-kurr16.html
Black Art silk Men Kurta,£69.00,£131.00,https://www.shopkund.co.uk/men-s/black-art-silk-men-kurta-kuru0002.html
Latest Ethnic Wear Kurta Readymade Kurta Payjama,£42.00,£57.00,https://www.shopkund.co.uk/2tone-cross-colour-art-banarasi-silk-ethnic-wear-kurta-readymade-kurta-payjama-kur0293.html
Contemporary Black Dupion Art Silk Ethnic Wear Kurta Readymade Kurta Payjama,£42.00,£57.00,https://www.shopkund.co.uk/black-dupion-art-silk-ethnic-wear-kurta-readymade-kurta-payjama-kur0288.html
Latest Marron Giccha Silk Ethnic Wear Kurta Pajama,£108.00,£140.00,https://www.shopkund.co.uk/marron-giccha-silk-ethnic-wear-kurta-pajama-kur0106.html
Adorable Black Cotton Silk Ethnic Wear Kurta Readymade Dhoti Kurta,£57.00,£77.00,https://www.shopkund.co.uk/black-cotton-silk-ethnic-wear-kurta-readymade-dhoti-kurta-kur0344.html
Alluring Cofee Dupion Art Silk Ethnic Wear Kurta Readymade Kurta Payjama,£59.00,£80.00,https://www.shopkund.co.uk/cofee-dupion-art-silk-ethnic-wear-kurta-readymade-kurta-payjama-kur0254.html
Teal Art Banarasi Silk Ethnic Wear Kurta Readymade Kurta Payjama,£77.00,£104.00,https://www.shopkund.co.uk/teal-art-banarasi-silk-ethnic-wear-kurta-readymade-kurta-payjama-kur0222.html
Indian Ethnic Marron Giccha Silk Ethnic Wear Kurta Pajama,£108.00,£140.00,https://www.shopkund.co.uk/marron-giccha-silk-ethnic-wear-kurta-pajama-kur0107.html
New Black Cotton Silk Ethnic Wear Kurta Readymade Kurta Payjama With Jacket,£63.00,£85.00,https://www.shopkund.co.uk/black-cotton-silk-ethnic-wear-kurta-readymade-kurta-payjama-with-jacket-kur0335.html
Gorgeous Off White Dupion Art Silk Ethnic Wear Kurta Readymade Kurta Payjama,£57.00,£77.00,https://www.shopkund.co.uk/off-white-dupion-art-silk-ethnic-wear-kurta-readymade-kurta-payjama-kur0299.html
Margenta Dupion Art Silk Ethnic Wear Kurta Readymade Kurta Payjama,£42.00,£57.00,https://www.shopkund.co.uk/margenta-dupion-art-silk-ethnic-wear-kurta-readymade-kurta-payjama-kur0261.html
Fashionable Blue Dupion Art Silk Ethnic Wear Kurta Readymade Kurta Payjama,£59.00,£80.00,https://www.shopkund.co.uk/blue-dupion-art-silk-ethnic-wear-kurta-readymade-kurta-payjama-kur0244.html
Enticing Royal Blue Art Dupion Ethnic Wear Kurta Kurta Pajama,£80.00,£104.00,https://www.shopkund.co.uk/royal-blue-art-dupion-ethnic-wear-kurta-kurta-pajama-kur0124.html
Ravishing Black Art Dupion Ethnic Wear Kurta Kurta Pajama,£64.00,£83.00,https://www.shopkund.co.uk/black-art-dupion-ethnic-wear-kurta-kurta-pajama-kur0120.html
Splendid Red Dupion Art Silk Ethnic Wear Kurta Readymade Kurta Payjama,£42.00,£57.00,https://www.shopkund.co.uk/red-dupion-art-silk-ethnic-wear-kurta-readymade-kurta-payjama-kur0289.html
Glorious Red Dupion Art Silk Ethnic Wear Kurta Readymade Kurta Payjama,£42.00,£57.00,https://www.shopkund.co.uk/red-dupion-art-silk-ethnic-wear-kurta-readymade-kurta-payjama-kur0269.html
Stunning Red Dupion Art Silk Ethnic Wear Kurta Readymade Kurta Payjama,£42.00,£57.00,https://www.shopkund.co.uk/red-dupion-art-silk-ethnic-wear-kurta-readymade-kurta-payjama-kur0267.html
Latest Black Dupion Art Silk Ethnic Wear Kurta Readymade Kurta Payjama,£42.00,£57.00,https://www.shopkund.co.uk/black-dupion-art-silk-ethnic-wear-kurta-readymade-kurta-payjama-kur0266.html
2 Tone Fire Art Banarasi Silk Ethnic Wear Kurta Readymade Kurta Payjama,£58.00,£78.00,https://www.shopkund.co.uk/2-tone-fire-art-banarasi-silk-ethnic-wear-kurta-readymade-kurta-payjama-kur0256.html
Adorable Blue Dupion Art Silk Ethnic Wear Kurta Readymade Kurta Payjama,£60.00,£81.00,https://www.shopkund.co.uk/blue-dupion-art-silk-ethnic-wear-kurta-readymade-kurta-payjama-kur0240.html
Impressive Blue Dupion Art Silk Ethnic Wear Kurta Readymade Kurta Payjama,£59.00,£80.00,https://www.shopkund.co.uk/blue-dupion-art-silk-ethnic-wear-kurta-readymade-kurta-payjama-kur0234.html
Wine Art Banarasi Silk Ethnic Wear Kurta Readymade Kurta Payjama,£75.00,£101.00,https://www.shopkund.co.uk/wine-art-banarasi-silk-ethnic-wear-kurta-readymade-kurta-payjama-kur0214.html
Dazzling Black Art Banarasi Silk Ethnic Wear Kurta Readymade Kurta Payjama,£75.00,£101.00,https://www.shopkund.co.uk/black-art-banarasi-silk-ethnic-wear-kurta-readymade-kurta-payjama-kur0210.html
Stylish Gold Art Banarasi Silk Ethnic Wear Kurta Readymade Kurta Payjama,£73.00,£99.00,https://www.shopkund.co.uk/gold-art-banarasi-silk-ethnic-wear-kurta-readymade-kurta-payjama-kur0207.html
Ravishing Royal Blue Art Dupion Ethnic Wear Kurta Kurta Pajama,£70.00,£91.00,https://www.shopkund.co.uk/royal-blue-art-dupion-ethnic-wear-kurta-kurta-pajama-kur0126.html
New Marron Art Dupion Ethnic Wear Kurta Kurta Pajama,£64.00,£83.00,https://www.shopkund.co.uk/marron-art-dupion-ethnic-wear-kurta-kurta-pajama-kur0123.html
Gold Art Dupion Ethnic Wear Kurta Kurta Pajama,£108.00,£140.00,https://www.shopkund.co.uk/gold-art-dupion-ethnic-wear-kurta-kurta-pajama-kur0116.html
Enticing Black Cotton Silk Ethnic Wear Kurta Readymade Dhoti Kurta,£58.00,£75.00,https://www.shopkund.co.uk/black-cotton-silk-ethnic-wear-kurta-readymade-dhoti-kurta-kur0345.html
Traditional Black Cotton Silk Ethnic Wear Kurta Readymade Kurta Payjama With Jacket,£63.00,£85.00,https://www.shopkund.co.uk/black-cotton-silk-ethnic-wear-kurta-readymade-kurta-payjama-with-jacket-kur0340.html
Indian Ethnic Black Dupion Art Silk Ethnic Wear Kurta Readymade Kurta Payjama,£42.00,£57.00,https://www.shopkund.co.uk/black-dupion-art-silk-ethnic-wear-kurta-readymade-kurta-payjama-kur0259.html
Contemporary Blue Dupion Art Silk Ethnic Wear Kurta Readymade Kurta Payjama,£59.00,£80.00,https://www.shopkund.co.uk/blue-dupion-art-silk-ethnic-wear-kurta-readymade-kurta-payjama-kur0252.html
Dazzling Blue Dupion Art Silk Ethnic Wear Kurta Readymade Kurta Payjama,£59.00,£80.00,https://www.shopkund.co.uk/blue-dupion-art-silk-ethnic-wear-kurta-readymade-kurta-payjama-kur0242.html
Delicate Green Dupion Art Silk Ethnic Wear Kurta Readymade Kurta Payjama,£60.00,£81.00,https://www.shopkund.co.uk/green-dupion-art-silk-ethnic-wear-kurta-readymade-kurta-payjama-kur0241.html
Impressive Black Dupion Art Silk Ethnic Wear Kurta Readymade Kurta Payjama,£57.00,£77.00,https://www.shopkund.co.uk/black-dupion-art-silk-ethnic-wear-kurta-readymade-kurta-payjama-kur0235.html
Indian Ethnic Blue Dupion Art Silk Ethnic Wear Kurta Readymade Kurta Payjama,£60.00,£81.00,https://www.shopkund.co.uk/blue-dupion-art-silk-ethnic-wear-kurta-readymade-kurta-payjama-kur0229.html
Gorgeous Chikoo Dupion Art Silk Ethnic Wear Kurta Readymade Kurta Payjama,£60.00,£81.00,https://www.shopkund.co.uk/chikoo-dupion-art-silk-ethnic-wear-kurta-readymade-kurta-payjama-kur0228.html
Tusser Dupion Art Silk Ethnic Wear Kurta Readymade Kurta Payjama,£60.00,£81.00,https://www.shopkund.co.uk/tusser-dupion-art-silk-ethnic-wear-kurta-readymade-kurta-payjama-kur0226.html
Fashionable Gold Dupion Art Silk Ethnic Wear Kurta Readymade Kurta Payjama,£60.00,£81.00,https://www.shopkund.co.uk/gold-dupion-art-silk-ethnic-wear-kurta-readymade-kurta-payjama-kur0225.html
Elegant Gold Art Banarasi Silk Ethnic Wear Kurta Readymade Kurta Payjama,£75.00,£101.00,https://www.shopkund.co.uk/gold-art-banarasi-silk-ethnic-wear-kurta-readymade-kurta-payjama-kur0224.html
Latest Green Art Banarasi Silk Ethnic Wear Kurta Readymade Kurta Payjama,£74.00,£100.00,https://www.shopkund.co.uk/green-art-banarasi-silk-ethnic-wear-kurta-readymade-kurta-payjama-kur0218.html
Classy Black Art Banarasi Silk Ethnic Wear Kurta Readymade Kurta Payjama,£74.00,£100.00,https://www.shopkund.co.uk/black-art-banarasi-silk-ethnic-wear-kurta-readymade-kurta-payjama-kur0217.html
Elegant Off White Art Banarasi Silk Ethnic Wear Kurta Readymade Kurta Payjama,£73.00,£99.00,https://www.shopkund.co.uk/off-white-art-banarasi-silk-ethnic-wear-kurta-readymade-kurta-payjama-kur0215.html
Delicate Blue Art Banarasi Silk Ethnic Wear Kurta Readymade Kurta Payjama,£75.00,£101.00,https://www.shopkund.co.uk/blue-art-banarasi-silk-ethnic-wear-kurta-readymade-kurta-payjama-kur0212.html
Stylish Off White Art Banarasi Silk Ethnic Wear Kurta Readymade Kurta Payjama,£73.00,£99.00,https://www.shopkund.co.uk/off-white-art-banarasi-silk-ethnic-wear-kurta-readymade-kurta-payjama-kur0204.html
Beige Cotton Ethnic Wear Kurta Readymade Kurta Payjama,£47.00,£63.00,https://www.shopkund.co.uk/beige-cotton-ethnic-wear-kurta-readymade-kurta-payjama-kur0194.html
Glorious Black Art Banarasi Silk Ethnic Wear Kurta Readymade Kurta Payjama,£60.00,£81.00,https://www.shopkund.co.uk/black-art-banarasi-silk-ethnic-wear-kurta-readymade-kurta-payjama-kur0193.html
Splendid Black Art Banarasi Silk Ethnic Wear Kurta Readymade Kurta Payjama,£59.00,£80.00,https://www.shopkund.co.uk/black-art-banarasi-silk-ethnic-wear-kurta-readymade-kurta-payjama-kur0188.html
Classy Gold Dupion Art Silk Ethnic Wear Kurta Readymade Kurta Payjama,£60.00,£81.00,https://www.shopkund.co.uk/gold-dupion-art-silk-ethnic-wear-kurta-readymade-kurta-payjama-kur0227.html
Blue Jaqurd Silk Brocade Ethnic Wear Kurta Readymade Kurta Payjama,£69.00,£90.00,https://www.shopkund.co.uk/blue-jaqurd-silk-brocade-ethnic-wear-kurta-readymade-kurta-payjama-kur0182.html
Pink Jaqurs Silk Brocade Ethnic Wear Kurta Readymade Kurta Payjama,£79.00,£103.00,https://www.shopkund.co.uk/pink-jaqurs-silk-brocade-ethnic-wear-kurta-readymade-kurta-payjama-kur0173.html
Luring Sea Green Jaqurs Silk Brocade Ethnic Wear Kurta Readymade Kurta Payjama,£84.00,£109.00,https://www.shopkund.co.uk/sea-green-jaqurs-silk-brocade-ethnic-wear-kurta-readymade-kurta-payjama-kur0171.html
Classy Peach Jaqurs Silk Brocade Ethnic Wear Kurta Readymade Kurta Payjama,£84.00,£109.00,https://www.shopkund.co.uk/peach-jaqurs-silk-brocade-ethnic-wear-kurta-readymade-kurta-payjama-kur0170.html
Luring Gold Jaqurs Silk Brocade Ethnic Wear Kurta Readymade Kurta Payjama,£84.00,£109.00,https://www.shopkund.co.uk/gold-jaqurs-silk-brocade-ethnic-wear-kurta-readymade-kurta-payjama-kur0169.html
Traditional Gold Jaqurs Silk Brocade Ethnic Wear Kurta Readymade Kurta Payjama,£84.00,£109.00,https://www.shopkund.co.uk/gold-jaqurs-silk-brocade-ethnic-wear-kurta-readymade-kurta-payjama-kur0168.html
Opulent Dark Peach Jaqurs Silk Brocade Ethnic Wear Kurta Readymade Kurta Payjama,£84.00,£109.00,https://www.shopkund.co.uk/dark-peach-jaqurs-silk-brocade-ethnic-wear-kurta-readymade-kurta-payjama-kur0167.html
Yellow Jaqurs Silk Brocade Ethnic Wear Kurta Readymade Kurta Payjama,£84.00,£109.00,https://www.shopkund.co.uk/yellow-jaqurs-silk-brocade-ethnic-wear-kurta-readymade-kurta-payjama-kur0165.html
Elegant Blue Art Banarasi Silk Ethnic Wear Kurta Readymade Kurta Payjama,£38.00,£51.00,https://www.shopkund.co.uk/blue-art-banarasi-silk-ethnic-wear-kurta-readymade-kurta-payjama-kur0307.html
Stunning Black Art Dupion Ethnic Wear Kurta Kurta Pajama,£68.00,£88.00,https://www.shopkund.co.uk/black-art-dupion-ethnic-wear-kurta-kurta-pajama-kur0127.html
Traditional Sky Blue Art Dupion Ethnic Wear Kurta Kurta Pajama,£108.00,£140.00,https://www.shopkund.co.uk/sky-blue-art-dupion-ethnic-wear-kurta-kurta-pajama-kur0115.html
Grey Giccha Silk Ethnic Wear Kurta Kurta Pajama,£108.00,£140.00,https://www.shopkund.co.uk/grey-giccha-silk-ethnic-wear-kurta-kurta-pajama-kur0114.html
Mango Giccha Silk Ethnic Wear Kurta Pajama,£108.00,£140.00,https://www.shopkund.co.uk/mango-giccha-silk-ethnic-wear-kurta-pajama-kur0113.html
Indian Ethnic Sky Blue Giccha Silk Ethnic Wear Kurta Pajama,£116.00,£151.00,https://www.shopkund.co.uk/sky-blue-giccha-silk-ethnic-wear-kurta-pajama-kur0111.html
Gold Giccha Silk Ethnic Wear Kurta Pajama,£95.00,£124.00,https://www.shopkund.co.uk/gold-giccha-silk-ethnic-wear-kurta-pajama-kur0109.html
Latest Sky Blue Giccha Silk Ethnic Wear Kurta Pajama,£108.00,£140.00,https://www.shopkund.co.uk/sky-blue-giccha-silk-ethnic-wear-kurta-pajama-kur0108.html
Black Cotton Ethnic Wear Kurta Kurta Pajama,£51.00,£66.00,https://www.shopkund.co.uk/black-cotton-ethnic-wear-kurta-kurta-pajama-kur0515.html
Gorgeous Blue Art Banarasi Silk Ethnic Wear Kurta Readymade Kurta Payjama,£75.00,£101.00,https://www.shopkund.co.uk/blue-art-banarasi-silk-ethnic-wear-kurta-readymade-kurta-payjama-kur0223.html
Fascinating Black Art Banarasi Silk Ethnic Wear Kurta Readymade Kurta Payjama,£75.00,£101.00,https://www.shopkund.co.uk/black-art-banarasi-silk-ethnic-wear-kurta-readymade-kurta-payjama-kur0220.html
Teal Green Jaqurs Silk Brocade Ethnic Wear Kurta Readymade Kurta Payjama,£79.00,£103.00,https://www.shopkund.co.uk/teal-green-jaqurs-silk-brocade-ethnic-wear-kurta-readymade-kurta-payjama-kur0174.html
Mustard Banglore Silk Ethnic Wear Kurta Kurta Pajama,£83.00,£108.00,https://www.shopkund.co.uk/mustard-banglore-silk-ethnic-wear-kurta-kurta-pajama-kur0141.html
Pista Green Chanderi Jaquard Ethnic Wear Kurta Kurta Pajama,£73.00,£95.00,https://www.shopkund.co.uk/pista-green-chanderi-jaquard-ethnic-wear-kurta-kurta-pajama-kur0140.html
Aqua Blue Slub Plain Ethnic Wear Kurta Kurta Pajama,£62.00,£81.00,https://www.shopkund.co.uk/aqua-blue-slub-plain-ethnic-wear-kurta-kurta-pajama-kur0600.html
Black Polyster Cotton Ethnic Wear Kurta Kurta Pajama,£70.00,£91.00,https://www.shopkund.co.uk/black-polyster-cotton-ethnic-wear-kurta-kurta-pajama-kur0543.html
Black Polyster Cotton Ethnic Wear Kurta Kurta Pajama,£70.00,£91.00,https://www.shopkund.co.uk/black-polyster-cotton-ethnic-wear-kurta-kurta-pajama-kur0531.html
Black Fancy Silk Ethnic Wear Kurta Kurta Pajama,£70.00,£91.00,https://www.shopkund.co.uk/black-fancy-silk-ethnic-wear-kurta-kurta-pajama-kur0530.html
Beige Cotton Silk Ethnic Wear Kurta Kurta Pajama,£55.00,£72.00,https://www.shopkund.co.uk/beige-cotton-silk-ethnic-wear-kurta-kurta-pajama-kur0506.html
Black Artsilk Ethnic Wear Kurta Kurta Pajama,£48.00,£62.00,https://www.shopkund.co.uk/black-artsilk-ethnic-wear-kurta-kurta-pajama-kur0481.html
Black Cotton Ethnic Wear Kurta Kurta Pajama,£56.00,£73.00,https://www.shopkund.co.uk/black-cotton-ethnic-wear-kurta-kurta-pajama-kur0460.html
Black Linen Ethnic Wear Kurta Kurta Pajama,£52.00,£68.00,https://www.shopkund.co.uk/black-linen-ethnic-wear-kurta-kurta-pajama-kur0451.html
Black Silk Blend Ethnic Wear Kurta Kurta Pajama,£61.00,£79.00,https://www.shopkund.co.uk/black-silk-blend-ethnic-wear-kurta-kurta-pajama-kur0450.html
Black Cotton Silk Ethnic Wear Kurta Kurta Pajama,£58.00,£75.00,https://www.shopkund.co.uk/black-cotton-silk-ethnic-wear-kurta-kurta-pajama-kur0449.html
Black Cotton Silk Ethnic Wear Kurta Kurta Pajama,£51.00,£66.00,https://www.shopkund.co.uk/black-cotton-silk-ethnic-wear-kurta-kurta-pajama-kur0447.html
Beige Cotton Ethnic Wear Kurta Kurta Pajama,£52.00,£68.00,https://www.shopkund.co.uk/beige-cotton-ethnic-wear-kurta-kurta-pajama-kur0446.html
Beige Cotton Ethnic Wear Kurta Kurta Pajama,£52.00,£68.00,https://www.shopkund.co.uk/beige-cotton-ethnic-wear-kurta-kurta-pajama-kur0445.html
Beige Cotton Silk Ethnic Wear Kurta Kurta Pajama,£52.00,£68.00,https://www.shopkund.co.uk/beige-cotton-silk-ethnic-wear-kurta-kurta-pajama-kur0432.html
Black Cotton Silk Ethnic Wear Kurta Kurta Pajama,£56.00,£73.00,https://www.shopkund.co.uk/black-cotton-silk-ethnic-wear-kurta-kurta-pajama-kur0424.html
Black Cotton Silk Ethnic Wear Kurta Readymade Dhoti Kurta,£56.00,£73.00,https://www.shopkund.co.uk/black-cotton-silk-ethnic-wear-kurta-readymade-dhoti-kurta-kur0365.html
Black Cotton Silk Ethnic Wear Kurta Readymade Dhoti Kurta,£56.00,£73.00,https://www.shopkund.co.uk/black-cotton-silk-ethnic-wear-kurta-readymade-dhoti-kurta-kur0363.html
